title,url,published_at,video_id
Down Unda by Danzmen + 1 coin [Easy Demon],https://youtu.be/UaJTbQGrE44,2024-01-19T11:43:07Z,UaJTbQGrE44
Geometry Dash 2.2 - The Secret Hollow (3 coins),https://youtu.be/WaPdd0Mh1Hc,2024-01-19T11:14:40Z,WaPdd0Mh1Hc
Geometry Dash 2.2 - The Cellar (3 coins),https://youtu.be/D8en15HBu3s,2024-01-06T13:54:10Z,D8en15HBu3s
Geometry Dash 2.2 - The Sewers (3 coins),https://youtu.be/gi0ajg0ZvBU,2024-01-03T11:04:05Z,gi0ajg0ZvBU
Geometry Dash 2.2 -The Tower (3 coins),https://youtu.be/whw0zD8VHok,2024-01-01T15:41:33Z,whw0zD8VHok
2.2 Is Finally Here! Dash 100% + 3 coins,https://youtu.be/4iR-Wu_U7Uw,2023-12-20T19:41:48Z,4iR-Wu_U7Uw
[Mob. Tournament] New Beginning by + 1 coin [Easy Demon],https://youtu.be/Hq0PGqoS3E0,2023-07-21T14:03:31Z,Hq0PGqoS3E0
iSpyWithMyLittleEye by Voxicat [Easy Demon],https://youtu.be/td2kNQuymF0,2023-05-07T19:26:46Z,td2kNQuymF0
100 Miles and Runnin by Umbraleviathan + 3 coins [Easy Demon],https://youtu.be/s30uE6sHmPE,2023-04-16T18:21:08Z,s30uE6sHmPE
A Final Memorial by ItzKiba [Easy Demon],https://youtu.be/kfNdCrQIiDE,2023-04-09T14:31:30Z,kfNdCrQIiDE
AI TECHno by Maxie25 + 3 coins [Easy Demon],https://youtu.be/uctIkbFGKQs,2023-04-09T14:27:14Z,uctIkbFGKQs
weird hell by IpuNne0 [Easy Demon],https://youtu.be/LB4lFEqKGbo,2023-04-02T19:12:06Z,LB4lFEqKGbo
Bwomp Processing by EnenzoGD [Easy Demon],https://youtu.be/88CNjwUvZLo,2023-03-19T19:29:00Z,88CNjwUvZLo
VOICE by LiteN1ng + 1 coin [Easy Demon],https://youtu.be/7MlhhQQl3SY,2023-03-05T18:19:44Z,7MlhhQQl3SY
Neo by connot + 3 coins [Easy Demon],https://youtu.be/NIQouLWNaM0,2023-03-05T18:07:52Z,NIQouLWNaM0
Magmaniac by Whirl [Easy Demon],https://youtu.be/J-72yjlRQMA,2023-02-13T15:11:51Z,J-72yjlRQMA
Broken Roulette by NoFlix [Easy Demon],https://youtu.be/gMzv_OgSeTw,2023-02-12T17:59:48Z,gMzv_OgSeTw
Cant Let vulc by vulcanium4 [Medium Demon],https://youtu.be/nZKnPoz3bYo,2023-02-12T17:48:31Z,nZKnPoz3bYo
(Patched) Sepiral by GlintZ [Secret Way Demon],https://youtu.be/cZzRhNDJjMc,2023-02-02T06:13:31Z,cZzRhNDJjMc
THE HILLS HAVE EYES by overdefo [Easy Demon],https://youtu.be/Tr6zJSbZ-o0,2023-01-27T14:28:04Z,Tr6zJSbZ-o0
Cosmic Rush by 0xNano [Easy Demon],https://youtu.be/EANEXDVg4xI,2023-01-17T15:15:52Z,EANEXDVg4xI
Cybersphere by Atlex + 3 coins [Easy Demon],https://youtu.be/2KSCXnce3xA,2023-01-09T12:07:32Z,2KSCXnce3xA
Quazillion by Kazey + 1 coin [Easy Demon],https://youtu.be/RThXj8ztp64,2023-01-09T11:54:02Z,RThXj8ztp64
kr1tmas by SpKale + 3 coins [Easy Demon],https://youtu.be/7CnUucAgxlE,2023-01-08T21:05:06Z,7CnUucAgxlE
FOUR WHEEL DRIVE by Split72 [Easy Demon],https://youtu.be/yMfXmz3TM5Y,2023-01-01T14:49:39Z,yMfXmz3TM5Y
Toxicity by Azuvy + 3 coins [Easy Demon],https://youtu.be/P7YnXfhcFXE,2022-12-31T17:50:43Z,P7YnXfhcFXE
Silhouette Summit by Nicki1202 + 2 coins [Easy Demon],https://youtu.be/Bdh2WsbTPYg,2022-12-31T17:44:14Z,Bdh2WsbTPYg
850 by OzzeL2 +3 coins [Easy Demon],https://youtu.be/-AuBdBL7Xx4,2022-12-31T17:30:01Z,-AuBdBL7Xx4
Afterparty by AleXins [Easy Demon],https://youtu.be/I0-TjgHH1co,2022-12-31T17:22:49Z,I0-TjgHH1co
Krakens Curse by FrostDragonGD [Medium Demon],https://youtu.be/CLqL-xwvQus,2022-12-31T17:14:00Z,CLqL-xwvQus
Synthstep by GlintZ + 3 coins [Easy Demon],https://youtu.be/eJ4B_GDOSJ4,2022-12-31T16:17:28Z,eJ4B_GDOSJ4
Contra by AirForce [Easy Demon],https://youtu.be/u6M6A_9Da3I,2022-12-31T16:04:43Z,u6M6A_9Da3I
BuriaL TombS by JHYMHMHY [Easy Demon],https://youtu.be/W5JMhAFMgKw,2022-12-31T15:52:03Z,W5JMhAFMgKw
Descent by MaxK [Easy Demon],https://youtu.be/avb4MAZ4UjY,2022-10-30T19:37:53Z,avb4MAZ4UjY
RADIUM by JerkRat [Medium Demon],https://youtu.be/lYjsxDpzOvQ,2022-10-30T19:30:39Z,lYjsxDpzOvQ
SUPERCHARGE by Elvii [Swag Demon],https://youtu.be/rMldrObztow,2022-10-27T20:23:20Z,rMldrObztow
Thumper by Nico99 + 3 coins [Easy Demon],https://youtu.be/spNAgoi1HRc,2022-10-23T16:02:28Z,spNAgoi1HRc
Mil Noches by Nikce [Easy Demon],https://youtu.be/5LJ_2LNFNbg,2022-10-16T19:00:50Z,5LJ_2LNFNbg
[20k stars!] Shocked by Jezzel [Easy Demon],https://youtu.be/pJ6Kf4wSGfU,2022-10-09T15:11:08Z,pJ6Kf4wSGfU
What an unfortunate turn of events,https://youtu.be/WclNQ-KrxWE,2022-10-09T13:51:45Z,WclNQ-KrxWE
Koenigstein by Woom [Easy Demon],https://youtu.be/x4v1mVBQuZ0,2022-09-23T15:48:21Z,x4v1mVBQuZ0
Default wave ii by bunch + 3 coins [Medium Demon],https://youtu.be/1keHdVZ5gG4,2022-09-18T12:06:22Z,1keHdVZ5gG4
Ruta del Sol by TroxxP1 [Easy Demon],https://youtu.be/wMz_sYe9pus,2022-09-18T11:30:09Z,wMz_sYe9pus
Absolute Garbage by bli [Easy Demon],https://youtu.be/FVbMMMfRtZU,2022-09-11T16:59:18Z,FVbMMMfRtZU
POINTBREAK by xenoremu + 1 coin [Easy Demon],https://youtu.be/8lsUcr9esGU,2022-09-11T15:56:39Z,8lsUcr9esGU
Macromolecules by BuiltInMacro + 2 coins [Easy Demon],https://youtu.be/5Vsf5vEeiXk,2022-08-30T20:28:34Z,5Vsf5vEeiXk
Mother's defeat!,https://youtu.be/5V_NkTdz7jc,2022-08-23T15:17:52Z,5V_NkTdz7jc
Horizon by Mylon [Easy Demon],https://youtu.be/8REVFZ5lPNU,2022-08-22T08:56:49Z,8REVFZ5lPNU
Mirror Force by Dudex + 3 coins [Easy Demon],https://youtu.be/DUMx_SAsq1c,2022-08-21T09:23:59Z,DUMx_SAsq1c
The Robotic Rush by Andromeda GMD + 3 coins [Easy Demon],https://youtu.be/uQx2GxrTk-w,2022-08-20T20:15:18Z,uQx2GxrTk-w
Energetic Stardust by Vitol64 + 1 coin [Easy Demon],https://youtu.be/tUYARBvuIh4,2022-08-15T15:18:26Z,tUYARBvuIh4
ClubstepDynamix by ZenthicAlpha [Easy Demon],https://youtu.be/WSGhhMkTffk,2022-08-15T12:45:18Z,WSGhhMkTffk
Delusion by HTigerzGD + 3 coins [Easy Demon],https://youtu.be/BIrO1DVfxBc,2022-08-15T10:31:21Z,BIrO1DVfxBc
(Mobile) Opitonia by ZelLink [Top 23 hard level],https://youtu.be/IUO3T4Mfyqw,2022-08-11T14:47:05Z,IUO3T4Mfyqw
Triptych by bpdole [Easy Demon],https://youtu.be/-wiYa7daQ6o,2022-08-10T14:38:42Z,-wiYa7daQ6o
Memory Mode! I PXTTXRN SXXKXR by Viot + 2 coins [Easy Demon],https://youtu.be/Avtk7PsvXpY,2022-08-06T15:41:20Z,Avtk7PsvXpY
(Mobile) Sand Valley by ZelLink [Top 24 hard level],https://youtu.be/OVv2bmnb4DM,2022-08-06T06:39:09Z,OVv2bmnb4DM
(Mobile) The Paradise by C4rpeDiem + 3 coins [Top 25 hard level],https://youtu.be/5Vvon5XHgO8,2022-08-06T06:26:20Z,5Vvon5XHgO8
Literally 1 attempt! II Luster by eopc [Easy Demon],https://youtu.be/t0HCBtBAsik,2022-07-30T15:28:37Z,t0HCBtBAsik
Lava Temple by Michigun [Medium Demon],https://youtu.be/wUuJt7xeukQ,2022-07-28T16:53:53Z,wUuJt7xeukQ
Ratstep by Player [Easy Demon],https://youtu.be/vD__C78243E,2022-07-28T15:11:51Z,vD__C78243E
Fire Temple by Michigun [Easy Demon],https://youtu.be/RQcfsG2a4S0,2022-07-26T12:29:27Z,RQcfsG2a4S0
InsisiouS by Wintter + 2 coins [Easy Demon],https://youtu.be/3UUgJBl2Y_c,2022-07-26T11:33:44Z,3UUgJBl2Y_c
(Mobile) A Bizarre Phantasm 39% [Extreme Demon],https://youtu.be/ilwyVuKVhI0,2022-07-25T17:21:14Z,ilwyVuKVhI0
FUGACIOUS II by IIAnubisI + 3 coins [Easy Demon],https://youtu.be/mja4ZwcEzoo,2022-07-23T15:58:21Z,mja4ZwcEzoo
Dark hell by Partition + 3 coins [Medium Demon],https://youtu.be/A5NLcRR_aDA,2022-07-22T13:29:44Z,A5NLcRR_aDA
FunkStep by AeonAir [Easy Demon],https://youtu.be/9ZgLraIt1dA,2022-07-19T07:42:15Z,9ZgLraIt1dA
(Mobile) Silent Clubstep 4%,https://youtu.be/lq17eTysUks,2022-07-18T01:41:17Z,lq17eTysUks
Dark Hell by LaZye + 3 coins [Easy Demon],https://youtu.be/Pm57PdtG1UI,2022-07-13T10:20:50Z,Pm57PdtG1UI
Gamers by Leoftime + 3 coins [Easy Demon],https://youtu.be/Biebvsd5W_4,2022-07-13T10:00:47Z,Biebvsd5W_4
Grenate by Grenate [Easy Demon],https://youtu.be/l9iq0jlX0Do,2022-07-13T08:39:46Z,l9iq0jlX0Do
Rainbow Road by Elvii [Easy Demon],https://youtu.be/4zSYYyVJYAY,2022-07-12T16:18:10Z,4zSYYyVJYAY
Flower Crown by Split72 [Easy Demon],https://youtu.be/uZV_XtLoC0E,2022-07-11T15:32:49Z,uZV_XtLoC0E
(3rd mobile victor) Hate War by Stormfly & more [Extreme Demon],https://youtu.be/YW0kytC3gPs,2022-07-05T17:53:18Z,YW0kytC3gPs
(Mobile) Hate War 72%x2,https://youtu.be/EkJ_Rf1BLZw,2022-07-04T15:53:06Z,EkJ_Rf1BLZw
(All 3* levels completed!) Nightscape by 1GTommie [Normal],https://youtu.be/cdOGZpykbSw,2022-06-04T13:11:24Z,cdOGZpykbSw
Hate War Challenge Verified,https://youtu.be/H8alz0dBbIE,2022-05-22T05:55:28Z,H8alz0dBbIE
Deadly ClubStep easy by Player [Easy Demon],https://youtu.be/fnY4adpe-o4,2022-05-10T15:18:37Z,fnY4adpe-o4
Default Wave by bunch + 3 coins [Medium Demon],https://youtu.be/DW6Q29w9iI4,2022-04-26T15:11:24Z,DW6Q29w9iI4
Futurelocked by Optation [Easy Demon],https://youtu.be/Yr2khwviWnY,2022-04-24T06:47:03Z,Yr2khwviWnY
Bloodbath Crack's part on mobile!,https://youtu.be/PbFZZnGRUCU,2022-04-22T15:06:30Z,PbFZZnGRUCU
xStep Advance by TekhnikaRK [Easy Demon],https://youtu.be/nqXjHCwWgmA,2022-04-22T15:05:59Z,nqXjHCwWgmA
Intershock by RealZober [Easy Demon],https://youtu.be/NjSzXyGH6LY,2022-04-21T15:29:12Z,NjSzXyGH6LY
The Choice,https://youtu.be/F7wZQeN1oaU,2022-04-08T20:40:20Z,F7wZQeN1oaU
RAP Challenge #5,https://youtu.be/QDANvqopSio,2022-04-08T09:40:37Z,QDANvqopSio
Triple Flask by Experience D + 3 coins [Easy Demon],https://youtu.be/g8f0eZlZEsQ,2022-04-08T09:09:07Z,g8f0eZlZEsQ
ToE2 4x speed wave?,https://youtu.be/CQWW0wjKwPI,2022-04-05T16:32:32Z,CQWW0wjKwPI
(Worst 3* level) Super Mario Bros 2D by TaKaYaMa + 2 coins,https://youtu.be/jx2LiVVzvu4,2022-04-03T13:38:05Z,jx2LiVVzvu4
Anasthasia by alkali & distortt [Easy Demon],https://youtu.be/qvmbaTvmsQQ,2022-04-02T18:25:15Z,qvmbaTvmsQQ
Hate War 100%!,https://youtu.be/QOVSGIJUpsY,2022-04-01T11:24:50Z,QOVSGIJUpsY
VeritY by Serponge + 3 coins [Medium Demon],https://youtu.be/xETM7u6mWW8,2022-03-28T17:34:46Z,xETM7u6mWW8
"Oh, hey, wanna see me dying to 64% for the FIFTH TIME?!",https://youtu.be/45lTgKgv3G8,2022-03-20T16:51:30Z,45lTgKgv3G8
Chaos Impact by TheRealDarnoc. [Easy Demon],https://youtu.be/ap9XHuXJjd8,2022-03-18T17:50:23Z,ap9XHuXJjd8
Bass Night by Fury0313 + 1 coin [Easy Demon],https://youtu.be/lmhVgek-bOo,2022-03-18T11:47:35Z,lmhVgek-bOo
FREEDOM by MrPPs + 3 coins [Easy Demon],https://youtu.be/6UYvcny7Sjs,2022-03-17T19:01:40Z,6UYvcny7Sjs
Happy Decode Day!,https://youtu.be/9E0MrGYMTtA,2022-03-11T14:33:17Z,9E0MrGYMTtA
"(Mobile) Hate War 72% (Bruh, that's the 2nd time)",https://youtu.be/4X4HNAUXFMs,2022-02-28T15:22:08Z,4X4HNAUXFMs
MasterGame by Setponge [Easy Demon],https://youtu.be/dVlds5TiWlE,2022-02-27T14:09:54Z,dVlds5TiWlE
(Mobile) Hate War 55%,https://youtu.be/pvskLNyzaqA,2022-02-26T08:50:07Z,pvskLNyzaqA
(Mobile) Hate War 27-64%,https://youtu.be/2wArdBADMOk,2022-02-20T18:32:58Z,2wArdBADMOk
iS by Grenate [Easy Demon],https://youtu.be/LlDGVIz2SQo,2022-02-19T18:10:43Z,LlDGVIz2SQo
(Mobile) Deadly ClubStep by IIINePtunEIII [Hard Demon],https://youtu.be/vTjA5bwzWm4,2022-02-15T11:44:41Z,vTjA5bwzWm4
(Verified) Infernal Invasion by lisikGMD [Demon?],https://youtu.be/MP58gQNaGJw,2022-02-14T16:13:46Z,MP58gQNaGJw
Bloudeleuste by MrSpaghetti [Easy Demon],https://youtu.be/3xxkpBTkvro,2022-02-07T10:48:24Z,3xxkpBTkvro
All Map Packs Beaten! || moon adventure by Experience D [Easy Demon],https://youtu.be/HYuC-q85III,2022-01-30T06:15:46Z,HYuC-q85III
(Mobile) Retention 64-100% [Extreme Demon],https://youtu.be/kuzxk6dak38,2022-01-29T09:16:10Z,kuzxk6dak38
What The Hell Is This,https://youtu.be/qaTflCTAVjc,2022-01-25T17:30:38Z,qaTflCTAVjc
Buck Force by Rob Buck + 3 coins [Easy Demon],https://youtu.be/JTu8cN5el6Y,2022-01-25T17:16:43Z,JTu8cN5el6Y
Dimension Machine by PunkySoul [Easy Demon],https://youtu.be/Zkef2c8ZLZU,2022-01-25T07:33:37Z,Zkef2c8ZLZU
ForceDynamix by Minesap [Easy Demon],https://youtu.be/s60IO9qIaxY,2022-01-23T13:06:40Z,s60IO9qIaxY
Steam Chamber by TheRealDarnoc [Easy Demon],https://youtu.be/v92ZNVkEp0w,2022-01-23T05:33:09Z,v92ZNVkEp0w
An 11 Minute Long Demon? || The Long Walk Home by Renn241 + 1 coin [Easy Demon],https://youtu.be/dOTtPfdYi7E,2022-01-21T15:35:46Z,dOTtPfdYi7E
Jawbreaker by ZenthicAlpha [Medium Demon],https://youtu.be/lOfrwoxORtE,2022-01-19T12:43:09Z,lOfrwoxORtE
Hexagon Force v2 by IIINePtunEIII [Medium Demon],https://youtu.be/aJchHhG3YAg,2022-01-18T09:58:24Z,aJchHhG3YAg
Mechanic Downforce by ZenthicAlpha [Easy Demon],https://youtu.be/bHS-xhWavcw,2022-01-18T09:35:08Z,bHS-xhWavcw
12 Clutterfunk by Cody [Easy Demon],https://youtu.be/5d1vj_TmooU,2022-01-16T12:05:24Z,5d1vj_TmooU
Electrodynamix v2 by IIINePtunEIII [Easy Demon],https://youtu.be/ES0qop2quvg,2022-01-15T13:48:22Z,ES0qop2quvg
Crazy Bolt by FunnyGame [Easy Demon],https://youtu.be/x9v7B5vyqR4,2022-01-15T08:16:10Z,x9v7B5vyqR4
Chaotic by MrCheeseTigrr [Easy Demon],https://youtu.be/3WIndxT_QA8,2022-01-15T07:42:00Z,3WIndxT_QA8
DeathFunk by IIINePtunEIII [Easy Demon],https://youtu.be/BtYYCSYK58k,2022-01-14T05:09:18Z,BtYYCSYK58k
time pressure by AeonAir [Easy Demon],https://youtu.be/Jb8vnzjdWZY,2022-01-12T17:12:19Z,Jb8vnzjdWZY
Death Step by FunnyGame [Medium Demon],https://youtu.be/v79-SrlXm5M,2022-01-09T11:57:17Z,v79-SrlXm5M
DarnoCant let go by BEkID1442 [Medium Demon],https://youtu.be/TgV4n4Lfz3I,2022-01-05T08:16:21Z,TgV4n4Lfz3I
Stadium Seating by TheTrueEclipse [Easy Demon],https://youtu.be/C3XDwOCeYVw,2022-01-04T04:34:07Z,C3XDwOCeYVw
Genesis by FunnyGame [Easy Demon],https://youtu.be/cbILj6fAeVI,2022-01-03T03:31:12Z,cbILj6fAeVI
Wild West by DanZmeN + 1 coin [Easy Demon],https://youtu.be/HfnbVx89FJI,2022-01-02T16:31:03Z,HfnbVx89FJI
pg clubstep by pg1004 [Medium Demon],https://youtu.be/1i9D8dodg1I,2022-01-02T11:04:32Z,1i9D8dodg1I
Restricted Area by ZenthicAlpha [Easy Demon],https://youtu.be/I3UkMkRcerU,2022-01-01T22:35:35Z,I3UkMkRcerU
Feelin Funky by Renn241 [Easy Demon],https://youtu.be/2yOeM9iBcoc,2022-01-01T22:04:38Z,2yOeM9iBcoc
Ripplez Adventures by Rabbitical [Medium Demon],https://youtu.be/LQ3FywDKM2U,2022-01-01T18:06:43Z,LQ3FywDKM2U
ClutterStep by Lyod [Easy Demon],https://youtu.be/83New-Yq_hI,2022-01-01T16:58:23Z,83New-Yq_hI
(Happy New Year!) ICE Carbon Diablo X by Roadbose [Insane Demon],https://youtu.be/9F3vXKUTe2o,2021-12-31T11:53:09Z,9F3vXKUTe2o
(120 hz) ICE Carbon Diablo X 95%...,https://youtu.be/jbcSAtcf1Ls,2021-12-30T17:03:21Z,jbcSAtcf1Ls
Cosmic Overdrive by Madman123 [Medium Demon],https://youtu.be/bcF4Wh_PgKM,2021-12-22T23:27:39Z,bcF4Wh_PgKM
(120 hz) ICE Carbon Diablo X 69% [Nice Demon],https://youtu.be/ye5EORVkLX8,2021-11-24T15:13:20Z,ye5EORVkLX8
[First in Russia] (Mobile) Hate War (old) by Stormfly & others [Extreme Demon],https://youtu.be/fn-Fql7FxKY,2021-10-21T12:45:38Z,fn-Fql7FxKY
(Mobile) The Triple Trial by Michigun [Insane],https://youtu.be/tIFBeavkeOU,2021-03-31T11:12:08Z,tIFBeavkeOU
Mobile Challenge IV by lisik2K,https://youtu.be/SV5iFRQjFYg,2020-10-11T03:37:55Z,SV5iFRQjFYg
[First in Russia] (Mobile) Alphabet X by BlackP2Sfull [Insane Demon],https://youtu.be/GNwAjZCTIR4,2020-09-29T10:24:30Z,GNwAjZCTIR4
(Mobile) Hate War (unnerfed) 17-56% [Extreme Demon],https://youtu.be/sT-qZARsQHk,2020-07-21T10:49:12Z,sT-qZARsQHk
(Mobile) Lustre by G4lvatron + 2 coins [Hard 5*],https://youtu.be/NZzlPa10zY4,2020-07-06T00:57:13Z,NZzlPa10zY4
(Mobile) Hate War 72% [Extreme Demon],https://youtu.be/FEKCk6vNKQ0,2020-06-19T05:04:14Z,FEKCk6vNKQ0
Mobile Challenge II by lisik2K,https://youtu.be/dnNUo6CGWu8,2020-06-13T05:11:58Z,dnNUo6CGWu8
(Mobile) Hate War 57% [Extreme Demon],https://youtu.be/56ipLEWL2gk,2020-06-04T05:49:49Z,56ipLEWL2gk
DarnocDynamix by TheRealDarnoc [Easy Demon],https://youtu.be/3Okk0iR05U4,2020-05-21T13:21:13Z,3Okk0iR05U4
Electro Rand by Player [Easy Demon],https://youtu.be/9ua24jIy4fQ,2020-05-04T03:44:47Z,9ua24jIy4fQ
Ddays by ThisIsPailyn [Easy Demon],https://youtu.be/kvZicV92bL4,2020-05-04T03:34:14Z,kvZicV92bL4
Clubstep v2 by IIINEPTUNEIII [Easy Demon],https://youtu.be/xzrUZ2YIhek,2020-05-02T11:49:40Z,xzrUZ2YIhek
Darkness Keeper by AbstractDark + 3 coins [Medium Demon],https://youtu.be/wQYxLbe23OY,2020-05-02T06:04:05Z,wQYxLbe23OY
(Mobile) Nowise by Darwin + 1 coin [Medium Demon],https://youtu.be/_M7DyBof33o,2020-04-24T10:26:00Z,_M7DyBof33o
EXTRAVAGANT by IIIJaylexIII + 1 coin [Easy Demon],https://youtu.be/ecJv_iErM9s,2020-04-19T01:23:01Z,ecJv_iErM9s
Operation by Jax [Easy Demon],https://youtu.be/HV1_dQMh7cc,2020-04-18T13:23:00Z,HV1_dQMh7cc
IceStream by Player [Easy Demon],https://youtu.be/tdwUmiilY0Y,2020-04-18T13:10:43Z,tdwUmiilY0Y
(Mobile tournament) Wcropolis by KeyDashMaster [Idk demon],https://youtu.be/FKBuMFHfnI0,2020-04-14T10:58:30Z,FKBuMFHfnI0
Stereodynamix by Player [Easy Demon],https://youtu.be/6IHVTr5t27Y,2020-04-14T10:24:12Z,6IHVTr5t27Y
(Secret Way) GREEN DEMON by Player [Easy Demon],https://youtu.be/cidu7K-EbAk,2020-04-11T13:50:30Z,cidu7K-EbAk
Five nights Pollapo by Pollapo [Easy Demon],https://youtu.be/CLLhv71JDN0,2020-04-05T01:01:31Z,CLLhv71JDN0
Nine Circles by Zobros + 3 coins [Medium Demon],https://youtu.be/wzMowPQPEbI,2020-04-02T11:44:27Z,wzMowPQPEbI
Terminal of Impact by Krijovnik [Easy Demon],https://youtu.be/kPGbuk3y5Wg,2020-03-26T03:35:34Z,kPGbuk3y5Wg
(Mobile) Hate War 27-100% [Extreme Demon],https://youtu.be/TEUhVvrExkY,2020-03-10T01:37:31Z,TEUhVvrExkY
Windings by Xnail + 3 coins [Medium Demon],https://youtu.be/aDoWcY2Oabo,2020-02-14T16:19:15Z,aDoWcY2Oabo
(Rebeat) Lights and Thunder by Lyod [Easy Demon],https://youtu.be/87_n2H__MWQ,2020-02-14T16:03:37Z,87_n2H__MWQ
(Rebeat) Impulse by MrCheeseTigrr [Easy Demon],https://youtu.be/FO9aSVPmxAE,2020-02-13T02:17:30Z,FO9aSVPmxAE
Cyber paradise by tunar98 [Easy Demon],https://youtu.be/kTQ9pgsck2w,2020-02-11T11:34:47Z,kTQ9pgsck2w
WilDrop by Discordy + 3 coins [Easy Demon],https://youtu.be/_zOteWIWdzE,2020-02-10T08:31:34Z,_zOteWIWdzE
Cydonia by JacobROso [Easy Demon],https://youtu.be/RwP3oQmLgy4,2020-02-09T12:12:03Z,RwP3oQmLgy4
(Demon way) 3 Difficulties by ToToo [Normal],https://youtu.be/C8hqZvWNR0s,2020-02-09T11:53:51Z,C8hqZvWNR0s
(Mobile) ICE Carbon Diablo X 39% [Extreme Demon],https://youtu.be/X7YiF8FWDSg,2020-02-02T08:36:02Z,X7YiF8FWDSg
Mobile Challenge by lisik2k (Verified by me),https://youtu.be/IOenu0vClbs,2020-01-08T09:17:24Z,IOenu0vClbs
Shrill Hallway by Nico99 + 3 coins [Medium Demon],https://youtu.be/BP6vlhgw-4I,2020-01-06T07:36:54Z,BP6vlhgw-4I
Buried Angel by F3lixsram + 3 coins [Easy Demon],https://youtu.be/Bhd4JZpqOZQ,2020-01-04T11:13:57Z,Bhd4JZpqOZQ
Extinction by haoN + 3 coins [Easy Demon],https://youtu.be/IjjaA4qpYvg,2020-01-02T09:11:16Z,IjjaA4qpYvg
(HAPPY NEW YEAR!) SUMMER seasons by Z3lLink [Easy Demon],https://youtu.be/dWVPGjXG5mU,2020-01-01T07:44:24Z,dWVPGjXG5mU
(Mobile) Stereo Demoness by MaJackO [Hard Demon],https://youtu.be/hgJD6vglAv8,2019-12-08T00:39:06Z,hgJD6vglAv8
(Mobile) Stereo Demoness 95%,https://youtu.be/P-xk-MienUo,2019-12-06T11:09:00Z,P-xk-MienUo
(Mobile) Stereo Demoness 93%x3 [Hard Demon],https://youtu.be/OSge5q9HnFM,2019-12-06T10:57:47Z,OSge5q9HnFM
(Mobile) Stereo Demoness 93%x2...,https://youtu.be/1I7OUqZwfw8,2019-12-05T08:15:47Z,1I7OUqZwfw8
(Mobile) Stereo Demoness 93% [Hard Demon],https://youtu.be/gB82Lf9n_M8,2019-12-01T05:30:04Z,gB82Lf9n_M8
(Mobile) Stereo Demoness 92% [Hard Demon],https://youtu.be/ivuojxDSkJs,2019-11-24T05:54:39Z,ivuojxDSkJs
Laser Room by TrueNature [Easy Demon],https://youtu.be/EGhBU4xH5WM,2019-07-31T22:18:56Z,EGhBU4xH5WM
(Mobile) Windy Landscape by WOOGI1411 [Hard Demon],https://youtu.be/at7ER55FySg,2019-06-23T07:24:32Z,at7ER55FySg
(Mobile) Windy Landscape 95%...,https://youtu.be/ceTQ8uFLqOo,2019-06-21T14:03:05Z,ceTQ8uFLqOo
Windy Landscape 73% (Read desc),https://youtu.be/_NPziZ_t9xw,2019-06-02T23:04:43Z,_NPziZ_t9xw
The Behemoth by JacobROso + 3 coins [Medium Demon],https://youtu.be/bkMdwcmQvvA,2019-06-01T11:55:15Z,bkMdwcmQvvA
Absolute Zero by BekiD1442 [Easy Demon],https://youtu.be/6yeJP9nhP0Q,2019-05-28T14:14:49Z,6yeJP9nhP0Q
Electroman Adven v2 by IIINEPTUNEIII [Easy Demon],https://youtu.be/AkDZc1DiBTg,2019-05-24T09:14:53Z,AkDZc1DiBTg
(Mobile Tournament) Nitro Clubstep by Rek3ge [Medium Demon],https://youtu.be/ugtrhKHppvc,2019-04-29T09:25:44Z,ugtrhKHppvc
(Mobile) Bloody Room by F3lixsram [Medium Demon],https://youtu.be/4J49Iiem76I,2019-04-25T09:09:40Z,4J49Iiem76I
BLACK BLIZZARD,https://youtu.be/xSbHl3iWE2A,2019-04-21T04:01:14Z,xSbHl3iWE2A
Natural Step by TrueNature [Easy demon],https://youtu.be/0jAZMS781kc,2019-03-26T06:15:05Z,0jAZMS781kc
Cool bug for free stars,https://youtu.be/B_JEV6GxV2c,2019-03-17T10:59:51Z,B_JEV6GxV2c
A challenge by my friend,https://youtu.be/tcZD1lLGJfM,2019-03-17T10:27:49Z,tcZD1lLGJfM
(Mobile) Poltergeist by Andromeda 50-100% [Insane demon],https://youtu.be/gjGSAYNdofc,2019-02-23T05:52:28Z,gjGSAYNdofc
(Mobile) WOOGI Jumper by WOOGI1411 [Medium Demon],https://youtu.be/PJbxxFLMtCg,2019-01-27T07:56:06Z,PJbxxFLMtCg
(PATCHED) Sky Tech [Free Demon],https://youtu.be/hak8NUWV6oA,2019-01-06T12:35:31Z,hak8NUWV6oA
С Новым 2019-м Годом!,https://youtu.be/pV3MHcBEI6U,2019-01-01T09:04:04Z,pV3MHcBEI6U
Stereo Demoness 69% (I hate this),https://youtu.be/y4MYQMQRTm4,2018-12-16T09:30:09Z,y4MYQMQRTm4
(Mobile) Stereo Demoness 67%,https://youtu.be/oeQZU1loUz0,2018-11-03T13:31:09Z,oeQZU1loUz0
[REQ:OFF] Windy Landscape 85% (live),https://youtu.be/9OzjTsoS1Jo,2018-10-29T07:54:09Z,9OzjTsoS1Jo
My part in collab,https://youtu.be/OegLX624evY,2018-09-20T12:15:47Z,OegLX624evY
(Mobile) Chaotic Hell by MrSaTurNuZ [Medium Demon],https://youtu.be/4_Hg1_UHvQ4,2018-09-16T12:51:54Z,4_Hg1_UHvQ4
Forgotten Level… || Ultimate Destruction by xQuadrant + 3 coins,https://youtu.be/96GmdeZdVcs,2018-08-18T10:35:34Z,96GmdeZdVcs
GEOMETRY DASH LEVEL REQUESTS!,https://youtu.be/MLl-WznmUqE,2018-08-05T13:22:25Z,MLl-WznmUqE
GEOMETRY DASH LEVEL REQUESTS!,https://youtu.be/UAqG5XU79Sw,2018-08-05T11:56:40Z,UAqG5XU79Sw
(Mobile) Supersonic 35-63% [Hard demon progress],https://youtu.be/YBEP_6EJppI,2018-07-27T10:30:39Z,YBEP_6EJppI
RAP Challenge #7,https://youtu.be/t0XJ3Al-VJY,2018-07-25T04:48:57Z,t0XJ3Al-VJY
Viprin is gay,https://youtu.be/klStGDe2szc,2018-07-22T19:39:39Z,klStGDe2szc
(On mobile) Plasma Pulse Finale 9% [Extreme demon progress],https://youtu.be/Gj3Xy1wlGEU,2018-07-07T11:44:09Z,Gj3Xy1wlGEU
Crazy by - [Easy demon],https://youtu.be/MOcTAWcYo0U,2018-07-02T17:25:10Z,MOcTAWcYo0U
Dorabaedifficult4 by DORABAE [Easy demon],https://youtu.be/nOTX6Tlfkxc,2018-07-02T13:08:31Z,nOTX6Tlfkxc
Wrandering by Experience D [Easy demon],https://youtu.be/VjbYBW-Lgzg,2018-07-01T16:39:54Z,VjbYBW-Lgzg
Noobaman Adventures by Noobas [Easy demon],https://youtu.be/I4oGv-Q9hbk,2018-06-27T09:51:59Z,I4oGv-Q9hbk
Endorphin Rush by TamaN & ASonicMan + 3 coins [Easy demon],https://youtu.be/o-wY8X7sTPs,2018-06-25T17:49:45Z,o-wY8X7sTPs
Trump Circles by Rlol & others [Easy demon],https://youtu.be/bC94L_2N-5o,2018-06-24T13:47:27Z,bC94L_2N-5o
Butterfly Effect by Linco [Easy demon],https://youtu.be/qGXxBjh0Qpc,2018-06-21T19:03:14Z,qGXxBjh0Qpc
RAP Challenge #7,https://youtu.be/e5AsHiZTzpc,2018-06-16T12:31:21Z,e5AsHiZTzpc
Adust by F3lixsram + 3 coins [Easy demon],https://youtu.be/t_vfDBEcoFo,2018-06-11T07:05:57Z,t_vfDBEcoFo
RAP Challenge #6 (by me),https://youtu.be/ggcYcZzDLkc,2018-06-09T06:01:41Z,ggcYcZzDLkc
Baldi’s Basics in Education and Learning v1.3.2 MOBILE [Full gameplay],https://youtu.be/EC3hsFAXO2U,2018-06-08T06:58:43Z,EC3hsFAXO2U
Cataclysm 1 by Experience D [Easy demon],https://youtu.be/YxQZ0Fkt--0,2018-06-06T09:45:39Z,YxQZ0Fkt--0
HeLL by Serponge + 3 coins [Medium demon],https://youtu.be/pgKuknd61A0,2018-06-02T03:52:57Z,pgKuknd61A0
GEOMETRY DASH REQUESTS!,https://youtu.be/2JC9VfU2QYU,2018-05-31T13:33:24Z,2JC9VfU2QYU
Mobile Corridor by lGammal,https://youtu.be/eRuvbYoDWFA,2018-05-27T12:05:57Z,eRuvbYoDWFA
RAP Challenge #4,https://youtu.be/lJUIzDxyfh8,2018-05-26T12:22:22Z,lJUIzDxyfh8
RAP Challenge #3,https://youtu.be/3HLS6YUoVwk,2018-05-26T11:10:27Z,3HLS6YUoVwk
RAP Challenge #2,https://youtu.be/p1zHffXjopQ,2018-05-26T07:20:54Z,p1zHffXjopQ
Invisible Light by Nacho21 + 3 coins [Medium demon],https://youtu.be/Y_PHtarcHi4,2018-05-23T14:15:40Z,Y_PHtarcHi4
RAP Challenge #1,https://youtu.be/p1ZJmAn4KSQ,2018-05-23T00:05:07Z,p1ZJmAn4KSQ
(On mobile) ICE Carbon Diablo X 25-56% [Extreme demon progress],https://youtu.be/IBP4C1oSa2Y,2018-05-20T08:07:56Z,IBP4C1oSa2Y
КЛАН В ГД — RUSSIAN ADVANCED PLAYERS [RAP],https://youtu.be/lEV_33mH35Q,2018-05-17T14:05:38Z,lEV_33mH35Q
"NOCLIP DEMON, LOL | Defiance by LDrake + 3 coins [Free demon]",https://youtu.be/6IpqqM2kcrw,2018-05-16T12:59:35Z,6IpqqM2kcrw
ANOTHER FREE DEMON | JolTwave by LDrake + 3 coins [Easy demon],https://youtu.be/j2kTP4njiDw,2018-05-15T04:13:25Z,j2kTP4njiDw
"ALMOST AUTO, LOL | Ante Meridiem by LDrake [Easy demon]",https://youtu.be/AuyhmBSbIW4,2018-05-14T11:58:34Z,AuyhmBSbIW4
(Rebeat) Demon Forest 100% [Easy demon],https://youtu.be/zYBeBcyFBq0,2018-05-08T14:54:38Z,zYBeBcyFBq0
(Rebeat) Seeker Of Demon 100% [Easy demon],https://youtu.be/NKigtbO9Df4,2018-05-07T00:50:00Z,NKigtbO9Df4
(Rebeat) Insomnia by Glittershroom43 [Easy demon],https://youtu.be/iIUyZfSzvBQ,2018-05-06T23:57:36Z,iIUyZfSzvBQ
Demon Step by Elemelon [Easy demon],https://youtu.be/vR_Q7EzZlzE,2018-05-06T13:10:21Z,vR_Q7EzZlzE
Space Club by DOmeR [Easy demon],https://youtu.be/HqtqhPXfFtQ,2018-05-06T12:52:18Z,HqtqhPXfFtQ
(Secret way) WeoTheory by WazE [Medium demon],https://youtu.be/o8Ad9-T4pE4,2018-05-06T12:42:41Z,o8Ad9-T4pE4
Piccadilly Circus by AirForce [Easy demon],https://youtu.be/ST6BDgUUYWU,2018-05-03T06:19:11Z,ST6BDgUUYWU
Dear Nostalgists by TriAxis + 3 coins [Easy demon],https://youtu.be/EYXQDqQEuUI,2018-04-22T08:21:42Z,EYXQDqQEuUI
(50 SUBS SPECIAL!) BACK ON TRACK! [IMPOSSIBLE DEMON] (watch till the end),https://youtu.be/SjF-CVWUCfA,2018-04-11T14:14:26Z,SjF-CVWUCfA
Space Circles by SUOMI + 3 coins [Easy demon],https://youtu.be/viPTeiXhgTU,2018-04-07T11:08:10Z,viPTeiXhgTU
High Life by Migueword + 3 coins [Insane],https://youtu.be/LJcQJnJqCfg,2018-04-06T13:18:12Z,LJcQJnJqCfg
(On mobile) Bloodbath 11% [Extreme demon],https://youtu.be/XIYNIB-Ee_g,2018-04-02T00:17:26Z,XIYNIB-Ee_g
(On mobile) Bloodbath 33-43% [Extreme demon progress],https://youtu.be/FldJWLiyxPM,2018-04-01T23:23:11Z,FldJWLiyxPM
Geometry Dash World All levels 1-10,https://youtu.be/YHM4Zn-EQTg,2018-03-31T08:52:50Z,YHM4Zn-EQTg
(Update) Project by xVOVANATORx (me) & others [Easy demon?],https://youtu.be/32DMQ-NpT2Y,2018-03-29T11:13:20Z,32DMQ-NpT2Y
Theory of SkriLLex by Noobas [Medium demon],https://youtu.be/aTaTBNj9_AM,2018-03-26T09:05:43Z,aTaTBNj9_AM
Twinkling World by Gelt [Easy demon],https://youtu.be/YYz67tteSv4,2018-03-25T04:42:44Z,YYz67tteSv4
Knife HiT by Vertuoz + 1 coin [Hard],https://youtu.be/NmokqC_JUKY,2018-03-18T14:04:13Z,NmokqC_JUKY
(For Olymp Dash) Chrome Clutter by Nicki1202 + 3 coins [Easy demon],https://youtu.be/ZSO4le-ab2I,2018-03-11T08:48:25Z,ZSO4le-ab2I
(For Olymp Dash) Spectral Velocity by QuantumFlux + 3 coins [Insane],https://youtu.be/8WZ-BMlE2Fg,2018-03-09T14:22:02Z,8WZ-BMlE2Fg
[PATCHED] Terror Factory by blindcreatorAF [Secret way demon],https://youtu.be/6vTCl9JSlE8,2018-03-08T14:04:08Z,6vTCl9JSlE8
Requiem by FunnyGame [Easy demon],https://youtu.be/jbAeKFqX2qM,2018-03-04T03:01:05Z,jbAeKFqX2qM
(On mobile) ICE Carbon Diablo X 27% [Extreme demon],https://youtu.be/C5wtBQuWbRs,2018-03-03T15:54:28Z,C5wtBQuWbRs
Clubdrop by TheRealDarnoc [Easy demon],https://youtu.be/Dnl6kGdr6FY,2018-03-03T14:22:55Z,Dnl6kGdr6FY
Way of the Darkness by IIINeptuneIII [Medium demon],https://youtu.be/y4C1FGonTbc,2018-03-03T13:34:37Z,y4C1FGonTbc
My new layout is done!,https://youtu.be/dF2qfmayG4M,2018-03-03T05:53:55Z,dF2qfmayG4M
Apocalypse Eve by MasK463 [Easy demon],https://youtu.be/WCQdW2TR3Xc,2018-02-25T14:26:36Z,WCQdW2TR3Xc
URD Challenge 100% (for URD clan),https://youtu.be/mFlUbBLPOAs,2018-02-24T07:22:33Z,mFlUbBLPOAs
ToE 2 v2 by polarmanzues [Easy demon],https://youtu.be/VloZ-qtnvNM,2018-02-21T12:45:17Z,VloZ-qtnvNM
Vibration by Shady & others [Easy demon],https://youtu.be/LxNzX9mUj1A,2018-02-08T03:35:58Z,LxNzX9mUj1A
Mechanical Showdown by Tongii + 3 coins [Medium demon],https://youtu.be/F5IIWbIq0Nk,2018-02-05T01:07:18Z,F5IIWbIq0Nk
(On mobile) Bloodbath 53%-71% [Extreme demon progress],https://youtu.be/0Fu7Fdas6OA,2018-01-22T11:40:31Z,0Fu7Fdas6OA
Radioactive Demon By MrCheeseTigrr [Easy demon],https://youtu.be/q3ww4cCVhaQ,2018-01-21T04:12:44Z,q3ww4cCVhaQ
Beautiful Chaos 100% [Medium demon],https://youtu.be/lEMbJJrmdZs,2018-01-19T04:30:24Z,lEMbJJrmdZs
(On mobile) Poltergeist 58%-100% [Insane demon progress],https://youtu.be/oCMcvfGcIgw,2018-01-12T01:16:37Z,oCMcvfGcIgw
Cubes Story Darkness by Yury [Hard],https://youtu.be/l7oeI1StFoA,2018-01-06T04:24:18Z,l7oeI1StFoA
Stereo by PotatoBaby [Easy demon],https://youtu.be/B16nu9Voq7A,2018-01-03T08:07:57Z,B16nu9Voq7A
(On mobile!) Sf Extreme Plus by Sonorkbeast [One of the hardest ship challenges],https://youtu.be/6U8oj8a1YdE,2017-12-28T12:37:44Z,6U8oj8a1YdE
Bad level…,https://youtu.be/kGeq9osBI4M,2017-12-28T07:28:13Z,kGeq9osBI4M
Insane Club 100% [Easy demon],https://youtu.be/kqim9guMJGU,2017-12-27T01:58:36Z,kqim9guMJGU
Ice Cave 100% [Easy demon],https://youtu.be/Ox3dqsj67ec,2017-12-26T23:02:20Z,Ox3dqsj67ec
(Hard Mode) Motion by TamaN + 3 coins [Easy demon],https://youtu.be/V8bO2zJr64U,2017-12-26T05:36:54Z,V8bO2zJr64U
(Solo) Versus Mode by Mitchell [Harder],https://youtu.be/laRiGxDMWjU,2017-12-25T10:49:56Z,laRiGxDMWjU
Power Trip 100% + 3 coins,https://youtu.be/1HZRWcNxPyM,2017-12-24T04:51:12Z,1HZRWcNxPyM
Nock Em 100% + 3 coins,https://youtu.be/Rx6xefFtcwU,2017-12-24T04:22:48Z,Rx6xefFtcwU
Press Start 100% + 3 coins,https://youtu.be/F9rEQT1J0f0,2017-12-22T02:17:57Z,F9rEQT1J0f0
Sky Realm by TheRealDarnoc [Easy demon],https://youtu.be/KKVo0tI-r5I,2017-12-16T13:39:20Z,KKVo0tI-r5I
Thirsty Theressa by DafaIdham,https://youtu.be/xkJ7Z_dmhkY,2017-12-16T06:45:09Z,xkJ7Z_dmhkY
Syobon Action by Sweetdude + 3 coins [Easy demon],https://youtu.be/o2EId6anH2Q,2017-12-15T01:57:30Z,o2EId6anH2Q
Demon Jumper 100% [Easy demon],https://youtu.be/x10bm_Yv8b4,2017-12-10T22:38:54Z,x10bm_Yv8b4
(Rebeat) Crescendo by MasK463 [Easy demon],https://youtu.be/t--0tc4pUtE,2017-12-10T07:05:20Z,t--0tc4pUtE
(Rebeat) The Lighting Road by Timeless Real [Easy demon],https://youtu.be/dxyoX2FupVw,2017-12-09T11:07:28Z,dxyoX2FupVw
XMas Challenge by Andromeda GMD [Hardest Easy level],https://youtu.be/4o0HzyE5NvY,2017-12-06T01:41:30Z,4o0HzyE5NvY
Spark by PotatoBaby + 3 coins [Easy demon],https://youtu.be/Wln7ZWNm3X4,2017-11-30T11:34:04Z,Wln7ZWNm3X4
Random Trigger by Sumsar,https://youtu.be/zK5XmbvhWXI,2017-11-25T13:59:39Z,zK5XmbvhWXI
Metal Crasher by GD Jose + 3 coins [Easy demon],https://youtu.be/c-kW9WtTKVk,2017-11-22T02:21:10Z,c-kW9WtTKVk
When I’m too bored…,https://youtu.be/nEYrS9tPUNY,2017-11-11T08:40:54Z,nEYrS9tPUNY
Traction by Ferdefunky + 3 coins [Medium demon],https://youtu.be/3a3MgDQu9vk,2017-11-07T04:08:11Z,3a3MgDQu9vk
(My first XL demon!) Death Moon by Caustic [Easy demon],https://youtu.be/DmgrU30MzEE,2017-11-05T16:11:04Z,DmgrU30MzEE
DeCode by Rek3dge [Easy demon],https://youtu.be/tWhuaqFQH2M,2017-11-05T05:30:16Z,tWhuaqFQH2M
(On mobile) Cataclysm 75-100% [Extreme demon progress],https://youtu.be/aKDTArkQAlo,2017-11-04T16:08:34Z,aKDTArkQAlo
(On mobile) Bloodbath 93-100% [Extreme demon progress],https://youtu.be/oNLqeV5LLTo,2017-11-04T07:02:57Z,oNLqeV5LLTo
StarQuake by MasK463 [Medium demon],https://youtu.be/3R6LVTSwcPo,2017-11-02T13:03:16Z,3R6LVTSwcPo
Hextec Flow by TheRealDarnoc [Easy demon],https://youtu.be/_obiotMR71w,2017-10-28T10:49:22Z,_obiotMR71w
Super Cycles by Jax [Easy demon],https://youtu.be/eVqQ0EJIU7A,2017-10-23T00:00:01Z,eVqQ0EJIU7A
Extreme Fantasy by lRabb2tl [Medium demon],https://youtu.be/OjIVnQ4xgu8,2017-10-19T22:50:40Z,OjIVnQ4xgu8
Retro Circles by Nacho21 + 3 coins [Easy demon],https://youtu.be/N2qP4bDy3gI,2017-10-15T11:09:44Z,N2qP4bDy3gI
Просто тест,https://youtu.be/WY9Q9EWjX_w,2017-10-07T07:24:57Z,WY9Q9EWjX_w
Airborne Robots 100% + 3 coins,https://youtu.be/JrzoaNAHj60,2017-10-07T05:02:44Z,JrzoaNAHj60
Viking Arena 100% + 3 coins,https://youtu.be/qzCDtkntkbQ,2017-10-07T04:45:03Z,qzCDtkntkbQ
The Seven Seas 100% + 3 coins,https://youtu.be/p2rA_vHb_XA,2017-10-06T14:01:54Z,p2rA_vHb_XA
The Challenge 100%,https://youtu.be/zJAk6QfWlq4,2017-10-06T04:26:27Z,zJAk6QfWlq4
Fingerdash 100% + 3 coins,https://youtu.be/8oizkpsgLV0,2017-10-06T00:55:17Z,8oizkpsgLV0
Deadlocked 100% + 3 coins [Easy demon],https://youtu.be/YU7y9rKC7Uo,2017-10-06T00:18:18Z,YU7y9rKC7Uo
Hungry Humphrey by Krazyman50,https://youtu.be/eztR4IXPGpc,2017-10-01T05:49:42Z,eztR4IXPGpc
Invisible Clubstep 100% [Easy demon],https://youtu.be/ENXCrghWk0A,2017-09-30T12:53:40Z,ENXCrghWk0A
Demon Park 100% [Easy demon],https://youtu.be/8Dtg2d6jIC8,2017-09-24T15:44:12Z,8Dtg2d6jIC8
Speed Racer by ZenthicAlpha + 3 coins [Easy demon],https://youtu.be/bY8AkgiW2DQ,2017-09-22T13:05:52Z,bY8AkgiW2DQ
Speed of Light by TheRealSalad + 3 coins [Easy demon],https://youtu.be/_BFUCX2SdIk,2017-09-22T00:28:55Z,_BFUCX2SdIk
Ultra Paracosm by IlRulaslI + 3 coins [Easy demon],https://youtu.be/miZfviDWI1k,2017-09-19T04:18:43Z,miZfviDWI1k
(Rebeat) The Nightmare by Jax [Easy demon],https://youtu.be/g4JoV0tA5ps,2017-09-06T11:54:02Z,g4JoV0tA5ps
Sidestep by ChaSe97 + 3 coins [Easy demon],https://youtu.be/hGLSIKArpZI,2017-09-04T12:17:11Z,hGLSIKArpZI
yStep by TheRealDarnoc [Easy demon],https://youtu.be/VDObuUTczhc,2017-09-01T02:47:53Z,VDObuUTczhc
ANABAN IS BACK!? || Utopian Delusions 100% + 3 coins [Hacked demon],https://youtu.be/Q1A2qW_mvLo,2017-08-19T15:46:03Z,Q1A2qW_mvLo
Geometrical Dominator 100% + 3 coins,https://youtu.be/zzaXSFzjgdI,2017-08-17T10:43:47Z,zzaXSFzjgdI
Clutterfunk V2 by Neptune [Easy demon],https://youtu.be/EnTZWmNvS88,2017-08-15T07:35:15Z,EnTZWmNvS88
Theory of every V2 by Neptune [Easy demon],https://youtu.be/kOLOYo_IXoY,2017-08-12T15:58:41Z,kOLOYo_IXoY
Theory of everything 2 100% + 3 coins [Easy demon],https://youtu.be/vrOmaxxkCuc,2017-08-10T11:20:35Z,vrOmaxxkCuc
Xstep v2 by Neptune [Easy demon],https://youtu.be/GpRAs1Y7huI,2017-08-09T14:03:00Z,GpRAs1Y7huI
Zenith 100% [Insane],https://youtu.be/LAQlOPMvT5s,2017-08-08T15:31:48Z,LAQlOPMvT5s
Blast Processing 100% + 3 coins,https://youtu.be/MQVFJg5MWtU,2017-07-26T16:48:43Z,MQVFJg5MWtU
Hexagon Force 100% + 3 coins,https://youtu.be/a2HYc7OKjCw,2017-07-26T15:29:17Z,a2HYc7OKjCw
[OLD] Project by me (xVOVANATORx) and others [Easy demon?],https://youtu.be/lEwMDFXMsRc,2017-07-23T11:21:47Z,lEwMDFXMsRc
Crystal Cavern by ZenthicAlpha [Easy demon],https://youtu.be/vacYk4spnj4,2017-07-20T11:12:03Z,vacYk4spnj4
Blue Hell by Lazye +3 coins [Easy demon],https://youtu.be/cEsfOzV2ohw,2017-07-17T11:16:52Z,cEsfOzV2ohw
Problematic by Dhafin + 3 coins [Easy demon],https://youtu.be/CpPaSLtWuxM,2017-07-14T11:30:07Z,CpPaSLtWuxM
Infinite Circles by Startor + 3 coins [Easy demon] (Without ldm),https://youtu.be/C8GcG_wi0Uk,2017-07-14T08:13:33Z,C8GcG_wi0Uk
Electrodynamix 100% + 3 coins,https://youtu.be/pBGI1BIk0PM,2017-07-09T10:14:13Z,pBGI1BIk0PM
Clubstep 100% + 3 coins [Easy demon],https://youtu.be/PoNDMMJUD4U,2017-07-08T13:50:48Z,PoNDMMJUD4U
Ice of Dawn by Experience D [Easy demon],https://youtu.be/9bbRkh0SVvg,2017-07-06T10:40:55Z,9bbRkh0SVvg
Electroman Adventures 100% + 3 coins,https://youtu.be/x62KV35L6Yk,2017-07-02T06:32:46Z,x62KV35L6Yk
Theory of everything 100% + 3 coins,https://youtu.be/fc545Z0FSMc,2017-07-01T08:54:14Z,fc545Z0FSMc
Impact X by NiTro451 + 3 coins [Easy demon],https://youtu.be/wDen3xlqCsQ,2017-07-01T05:59:37Z,wDen3xlqCsQ
Hardest LV1? || If Sonic Wave was L1 100% by Crispy Dash [Insane],https://youtu.be/DcJO27sgbDc,2017-06-25T01:35:31Z,DcJO27sgbDc
XYZ Step 100% [Easy demon],https://youtu.be/J1-IRAkiIGA,2017-06-24T22:55:26Z,J1-IRAkiIGA
I wanna be the bosh 100% [Medium demon] (Secret way),https://youtu.be/96I-YR1pz50,2017-06-19T14:24:29Z,96I-YR1pz50
Shitty Aftermath 100% by TheRealJust1n,https://youtu.be/zyLX6SScEzY,2017-06-15T02:02:41Z,zyLX6SScEzY
Clutterfunk 100% + 3 coins,https://youtu.be/gSwwFCNMjVs,2017-06-14T07:36:37Z,gSwwFCNMjVs
X by Triaxis 100% + 3 coins [Easy demon],https://youtu.be/kUYmBkH31cc,2017-06-09T04:16:44Z,kUYmBkH31cc
Xstep 100% + 3 coins,https://youtu.be/VJqyH11Sw7g,2017-06-07T06:17:08Z,VJqyH11Sw7g
Cycles 100% + 3 coins,https://youtu.be/BHRzOeJMTjM,2017-06-06T07:55:18Z,BHRzOeJMTjM
HARDEST AUTO!?...maybe|| Geometry map 8 auto 100% [Auto],https://youtu.be/I7QaFPQdkvE,2017-05-16T13:39:34Z,I7QaFPQdkvE
Flappy Weird 100% [Cancer demon] (Secret way),https://youtu.be/kI_ThqOfnIA,2017-05-14T01:01:46Z,kI_ThqOfnIA
Promptness Star by Experience D [Easy demon],https://youtu.be/yBzIP7u3R54,2017-05-04T03:28:59Z,yBzIP7u3R54
Infinite Circles by Startor + 3 coins [Easy demon],https://youtu.be/QieEEfpwIgw,2017-04-30T07:31:26Z,QieEEfpwIgw
Time Machine 100% + 3 coins,https://youtu.be/cgdpCHTD2Eo,2017-04-28T03:12:35Z,cgdpCHTD2Eo
69 machine [Easy demon],https://youtu.be/9iM1DDVhfsI,2017-04-27T15:42:32Z,9iM1DDVhfsI
Relentless 100% + 3 coins [Easy demon],https://youtu.be/ypB03uH0ChY,2017-04-27T14:56:26Z,ypB03uH0ChY
Legend of Andromeda 100% [Medium demon with SECRET WAY],https://youtu.be/1kJOJmT6buY,2017-04-26T12:45:21Z,1kJOJmT6buY
Hahaha Insane Map 100% (Easy demon),https://youtu.be/XKy37eVo1JA,2017-04-25T11:18:43Z,XKy37eVo1JA
Jumper 100% (3 coins),https://youtu.be/95eDsVl-UlQ,2017-04-21T01:45:59Z,95eDsVl-UlQ
Can't Let Go 100% (3 coins),https://youtu.be/NitwFNxrRBw,2017-04-21T01:25:51Z,NitwFNxrRBw
Base After Base 100% (3 coins),https://youtu.be/0Oz3jvPMa5I,2017-04-20T03:52:04Z,0Oz3jvPMa5I
Dry Out 100% (3 coins),https://youtu.be/9dna7Aw-UGY,2017-04-20T03:08:16Z,9dna7Aw-UGY
Polargeist 100% (3 coins),https://youtu.be/EWSEWm-ynDI,2017-04-20T02:16:53Z,EWSEWm-ynDI
Back on track 100% (3 coins),https://youtu.be/228wroEj6Rs,2017-04-20T00:56:41Z,228wroEj6Rs
Stereo Madness 100% (3 coins),https://youtu.be/XIJFWt3ivew,2017-04-13T01:15:22Z,XIJFWt3ivew
